{"cameraMode":{"drawMode":0,"name":"Shaded","section":"Shading Mode"},"sceneLighting":false,"audioPlay":false,"sceneViewState":{"m_AlwaysRefresh":false,"showFog":true,"showSkybox":false,"showFlares":true,"showImageEffects":true,"showParticleSystems":true,"showVisualEffectGraphs":true,"m_FxEnabled":true},"in2DMode":false,"pivot":{"x":0.2120848298072815,"y":0.15552973747253419,"z":0.11339402198791504},"rotation":{"x":-0.1901404708623886,"y":-0.14666032791137696,"z":0.028736518695950509,"w":-0.9703394174575806},"size":0.8660253882408142,"orthographic":false}