{"cameraMode":{"drawMode":0,"name":"Shaded","section":"Shading Mode"},"sceneLighting":false,"audioPlay":false,"sceneViewState":{"m_AlwaysRefresh":false,"showFog":true,"showSkybox":true,"showFlares":true,"showImageEffects":true,"showParticleSystems":true,"showVisualEffectGraphs":true,"m_FxEnabled":true},"in2DMode":false,"pivot":{"x":278.4495849609375,"y":1205.1077880859375,"z":-1048.0498046875},"rotation":{"x":-0.0075090546160936359,"y":-0.005398446228355169,"z":0.0011298496974632145,"w":1.0001951456069947},"size":1959.3902587890625,"orthographic":true}